kpi_id,repository_fixture_baseline_status,repository_fixture_baseline_quality,repository_fixture_baseline_pages_checked,repository_fixture_nlp_aggregates_removed_status,repository_fixture_nlp_aggregates_removed_quality,repository_fixture_nlp_aggregates_removed_pages_checked,nlp_pending_status,nlp_pending_quality,nlp_pending_pages_checked,nlp_explicitly_skipped_status,nlp_explicitly_skipped_quality,nlp_explicitly_skipped_pages_checked,zero_page_builder_status,zero_page_builder_quality,zero_page_builder_pages_checked
ai_faq_schema,not_evaluated,MISSING,1,not_evaluated,MISSING,1,not_evaluated,MISSING,1,not_evaluated,MISSING,1,not_evaluated,MISSING,1
ai_heading_questions,not_evaluated,MISSING,15,not_evaluated,MISSING,15,not_evaluated,MISSING,1,not_evaluated,MISSING,1,not_evaluated,MISSING,1
ai_https_ready,passing,VALID,15,passing,VALID,15,warning,PARTIAL,1,warning,PARTIAL,1,warning,PARTIAL,1
ai_llms_txt,not_evaluated,MISSING,1,not_evaluated,MISSING,1,not_evaluated,MISSING,1,not_evaluated,MISSING,1,not_evaluated,MISSING,1
ai_raw_content_visible,not_evaluated,MISSING,15,not_evaluated,MISSING,15,not_evaluated,MISSING,1,not_evaluated,MISSING,1,not_evaluated,MISSING,1
ai_robots_access,warning,PARTIAL,1,warning,PARTIAL,1,warning,PARTIAL,1,warning,PARTIAL,1,warning,PARTIAL,1
ai_schema_org,not_evaluated,MISSING,15,not_evaluated,MISSING,15,not_evaluated,MISSING,1,not_evaluated,MISSING,1,not_evaluated,MISSING,1
content_broken_structure,passing,VALID,15,passing,VALID,15,passing,VALID,1,passing,VALID,1,passing,VALID,1
content_cannibalization,passing,VALID,15,passing,VALID,15,passing,VALID,1,passing,VALID,1,passing,VALID,1
content_freshness,passing,VALID,1,not_evaluated,MISSING,1,not_evaluated,MISSING,1,not_evaluated,MISSING,1,not_evaluated,MISSING,1
content_key_pages,passing,VALID,15,passing,VALID,15,passing,VALID,1,passing,VALID,1,passing,VALID,1
content_lexical_diversity,passing,VALID,15,passing,VALID,15,passing,VALID,1,passing,VALID,1,passing,VALID,1
content_missing_cta,passing,VALID,15,passing,VALID,15,passing,VALID,1,passing,VALID,1,passing,VALID,1
content_thin,passing,VALID,15,passing,VALID,15,passing,VALID,1,passing,VALID,1,passing,VALID,1
eco_index_score,warning,VALID,15,warning,VALID,15,not_evaluated,VALID,1,not_evaluated,VALID,1,not_evaluated,VALID,1
func_buttons,passing,VALID,15,passing,VALID,15,passing,VALID,1,passing,VALID,1,passing,VALID,1
func_features,passing,VALID,15,passing,VALID,15,failing,VALID,1,failing,VALID,1,failing,VALID,1
func_forms,passing,VALID,2,passing,VALID,2,not_evaluated,MISSING,0,not_evaluated,MISSING,0,not_evaluated,MISSING,0
func_links,passing,VALID,15,passing,VALID,15,passing,VALID,1,passing,VALID,1,passing,VALID,1
func_search,not_evaluated,MISSING,15,not_evaluated,MISSING,15,not_evaluated,MISSING,1,not_evaluated,MISSING,1,not_evaluated,MISSING,1
perf_cache,passing,VALID,15,passing,VALID,15,failing,VALID,1,failing,VALID,1,failing,VALID,1
perf_compression,passing,VALID,15,passing,VALID,15,failing,VALID,1,failing,VALID,1,failing,VALID,1
perf_console_errors,passing,VALID,15,passing,VALID,15,passing,VALID,1,passing,VALID,1,passing,VALID,1
perf_desktop_speed,passing,VALID,1,passing,VALID,1,not_evaluated,MISSING,1,not_evaluated,MISSING,1,not_evaluated,MISSING,1
perf_image_optim,passing,VALID,15,not_evaluated,MISSING,15,not_evaluated,MISSING,1,not_evaluated,MISSING,1,not_evaluated,MISSING,1
perf_mobile_speed,passing,VALID,1,passing,VALID,1,not_evaluated,MISSING,1,not_evaluated,MISSING,1,not_evaluated,MISSING,0
rgpd_cookie_consent,passing,VALID,1,passing,VALID,1,failing,VALID,1,failing,VALID,1,not_evaluated,VALID,1
rgpd_data_retention,passing,VALID,15,failing,VALID,1,failing,VALID,1,failing,VALID,1,failing,VALID,1
rgpd_declared_purpose,passing,VALID,1,passing,VALID,1,failing,VALID,1,failing,VALID,1,failing,VALID,1
rgpd_legal_notice,passing,VALID,1,passing,VALID,1,failing,VALID,1,failing,VALID,1,failing,VALID,1
rgpd_minimization,passing,VALID,15,failing,VALID,1,failing,VALID,1,failing,VALID,1,failing,VALID,1
rgpd_pre_consent_trackers,passing,VALID,15,not_evaluated,MISSING,15,passing,VALID,1,passing,VALID,1,not_evaluated,MISSING,1
rgpd_privacy_policy,passing,VALID,1,passing,VALID,1,failing,VALID,1,failing,VALID,1,failing,VALID,1
rgpd_privacy_score,passing,VALID,15,not_evaluated,MISSING,15,failing,VALID,1,failing,VALID,1,failing,VALID,1
rgpd_rights_coverage,passing,VALID,15,not_evaluated,MISSING,15,passing,VALID,1,passing,VALID,1,passing,VALID,1
rgpd_user_rights,passing,VALID,1,passing,VALID,1,failing,VALID,1,failing,VALID,1,failing,VALID,1
sec_admin_exposed,passing,VALID,1,passing,VALID,1,passing,PARTIAL,1,passing,PARTIAL,1,passing,PARTIAL,1
sec_brute_force,passing,VALID,1,passing,VALID,1,not_evaluated,MISSING,1,not_evaluated,MISSING,1,not_evaluated,MISSING,1
sec_cors_misconfiguration,passing,VALID,1,passing,VALID,1,passing,PARTIAL,1,passing,PARTIAL,1,passing,PARTIAL,1
sec_error_pages,passing,VALID,1,passing,VALID,1,passing,PARTIAL,1,passing,PARTIAL,1,passing,PARTIAL,1
sec_file_upload,passing,VALID,1,passing,VALID,1,not_evaluated,MISSING,1,not_evaluated,MISSING,1,not_evaluated,MISSING,1
sec_http_headers,passing,VALID,1,passing,VALID,1,passing,VALID,1,passing,VALID,1,passing,VALID,1
sec_js_deps,passing,VALID,1,passing,VALID,1,passing,PARTIAL,1,passing,PARTIAL,1,passing,PARTIAL,1
sec_robots_disclosure,passing,VALID,1,passing,VALID,1,passing,PARTIAL,1,passing,PARTIAL,1,passing,PARTIAL,1
sec_sensitive_files,passing,VALID,1,passing,VALID,1,passing,PARTIAL,1,passing,PARTIAL,1,passing,PARTIAL,1
sec_service_exposure,not_evaluated,MISSING,1,not_evaluated,MISSING,1,not_evaluated,MISSING,1,not_evaluated,MISSING,1,not_evaluated,MISSING,1
sec_session_cookies,passing,VALID,1,passing,VALID,1,passing,VALID,1,passing,VALID,1,passing,VALID,1
sec_sqli_ddos,passing,PARTIAL,1,passing,PARTIAL,1,passing,VALID,1,passing,VALID,1,passing,PARTIAL,1
sec_ssl,passing,VALID,1,passing,VALID,1,not_evaluated,MISSING,1,not_evaluated,MISSING,1,not_evaluated,MISSING,1
sec_trace_track,passing,VALID,1,passing,VALID,1,passing,PARTIAL,1,passing,PARTIAL,1,passing,PARTIAL,1
sec_version_disclosure,passing,VALID,1,passing,VALID,1,passing,PARTIAL,1,passing,PARTIAL,1,passing,PARTIAL,1
seo_alt_tags,passing,VALID,15,passing,VALID,15,passing,VALID,1,passing,VALID,1,passing,VALID,1
seo_duplication,not_evaluated,MISSING,15,not_evaluated,MISSING,15,not_evaluated,MISSING,1,not_evaluated,MISSING,1,not_evaluated,MISSING,1
seo_external_linking,passing,VALID,15,passing,VALID,15,passing,VALID,1,passing,VALID,1,passing,VALID,1
seo_h1_quality,passing,PARTIAL,15,passing,PARTIAL,15,passing,VALID,1,passing,VALID,1,passing,PARTIAL,1
seo_heading_structure,passing,VALID,15,passing,VALID,15,failing,VALID,1,failing,VALID,1,passing,VALID,1
seo_internal_linking,passing,PARTIAL,15,passing,PARTIAL,15,not_evaluated,PARTIAL,1,not_evaluated,PARTIAL,1,passing,VALID,1
seo_meta_nlp,passing,VALID,1,passing,VALID,1,passing,VALID,1,passing,VALID,1,passing,VALID,1
seo_meta_tags,passing,VALID,15,passing,VALID,15,failing,VALID,1,failing,VALID,1,passing,VALID,1
seo_multi_browser,not_evaluated,MISSING,15,not_evaluated,MISSING,15,not_evaluated,MISSING,1,not_evaluated,MISSING,1,passing,PARTIAL,1
seo_robots_txt,passing,VALID,1,passing,VALID,1,failing,VALID,1,failing,VALID,1,failing,VALID,1
seo_sitemap,passing,VALID,1,passing,VALID,1,failing,VALID,1,failing,VALID,1,failing,VALID,1
seo_url_structure,passing,VALID,15,passing,VALID,15,passing,VALID,1,passing,VALID,1,passing,VALID,1
tech_cms_version,passing,VALID,1,passing,VALID,1,not_evaluated,MISSING,1,not_evaluated,MISSING,1,not_evaluated,MISSING,1
tech_cve_check,passing,VALID,1,passing,VALID,1,passing,VALID,1,passing,VALID,1,passing,VALID,1
tech_modules_versions,not_evaluated,MISSING,1,not_evaluated,MISSING,1,not_evaluated,MISSING,1,not_evaluated,MISSING,1,not_evaluated,MISSING,1
tech_programming_language,passing,VALID,1,passing,VALID,1,not_evaluated,MISSING,1,not_evaluated,MISSING,1,not_evaluated,MISSING,1
tech_server_version,passing,VALID,1,passing,VALID,1,not_evaluated,MISSING,1,not_evaluated,MISSING,1,not_evaluated,MISSING,1
ux_audience_targeting,passing,VALID,15,passing,PARTIAL,15,passing,VALID,1,passing,VALID,1,passing,PARTIAL,1
ux_design_ergonomics,passing,VALID,15,passing,VALID,15,passing,VALID,1,passing,VALID,1,passing,VALID,1
ux_mobile_friendly,not_evaluated,MISSING,15,not_evaluated,MISSING,15,not_evaluated,MISSING,1,not_evaluated,MISSING,1,not_evaluated,MISSING,1
ux_navigation,passing,VALID,15,passing,VALID,15,failing,VALID,1,failing,VALID,1,failing,VALID,1
ux_social_sharing,passing,VALID,15,passing,VALID,15,failing,VALID,1,failing,VALID,1,passing,PARTIAL,1
